,AFILIACION_AL_SGSSS,4. En una UTI,"2. En la calle, estacionario o ambulante",1. En la vivienda que habita,Otros
0,CONTRIBUTIVO,71.49899170961237,8.604077974456644,8.626484427515123,11.270445888415864
1,ESPECIAL/EXCEPCION,70.73170731707317,3.902439024390244,9.024390243902438,16.34146341463415
2,VINCULADO,60.0,40.0,0.0,0.0
3,No especificado,58.473105841526895,5.725853094274147,7.1139386928860615,28.6871023713129
4,SUBSIDIADO,58.193015279077024,18.459619582164017,7.8188338010601806,15.528531337698784
5,5- NO ASEGURADO,45.210166177908114,32.64907135874878,6.598240469208211,15.542521994134898
